[
    {
        "maakunta": "Etelä-Karjala",
        "nominatiivi": "Etelä-Karjala",
        "inessiivi": "Etelä-Karjalassa",
        "genetiivi": "Etelä-Karjalan",
        "kunnat": [
            {
                "kunta": "Lappeenranta",
                "nominatiivi": "Lappeenranta",
                "inessiivi": "Lappeenrannassa",
                "genetiivi": "Lappeenrannan"
            },
            {
                "kunta": "Lemi",
                "nominatiivi": "Lemi",
                "inessiivi": "Lemillä",
                "genetiivi": "Lemin"
            },
            {
                "kunta": "Imatra",
                "nominatiivi": "Imatra",
                "inessiivi": "Imatralla",
                "genetiivi": "Imatran"
            },
            {
                "kunta": "Luumäki",
                "nominatiivi": "Luumäki",
                "inessiivi": "Luumäessä",
                "genetiivi": "Luumäen"
            },
            {
                "kunta": "Parikkala",
                "nominatiivi": "Parikkala",
                "inessiivi": "Parikkalassa",
                "genetiivi": "Parikkalan"
            },
            {
                "kunta": "Rautjärvi",
                "nominatiivi": "Rautjärvi",
                "inessiivi": "Rautjärvellä",
                "genetiivi": "Rautjärven"
            },
            {
                "kunta": "Ruokolahti",
                "nominatiivi": "Ruokolahti",
                "inessiivi": "Ruokolahdessa",
                "genetiivi": "Ruokolahden"
            },
            {
                "kunta": "Savitaipale",
                "nominatiivi": "Savitaipale",
                "inessiivi": "Savitaipaleella",
                "genetiivi": "Savitaipaleen"
            },
            {
                "kunta": "Taipalsaari",
                "nominatiivi": "Taipalsaari",
                "inessiivi": "Taipalsaaressa",
                "genetiivi": "Taipalsaaren"
            }
        ]
    },
    {
        "maakunta": "Etelä-Pohjanmaa",
        "nominatiivi": "Etelä-Pohjanmaa",
        "inessiivi": "Etelä-Pohjanmaalla",
        "genetiivi": "Etelä-Pohjanmaan",
        "kunnat": [
            {
                "kunta": "Alajärvi",
                "nominatiivi": "Alajärvi",
                "inessiivi": "Alajärvellä",
                "genetiivi": "Alajärven"
            },
            {
                "kunta": "Alavus",
                "nominatiivi": "Alavus",
                "inessiivi": "Alavuudella",
                "genetiivi": "Alavuuden"
            },
            {
                "kunta": "Evijärvi",
                "nominatiivi": "Evijärvi",
                "inessiivi": "Evijärvellä",
                "genetiivi": "Evijärven"
            },
            {
                "kunta": "Ilmajoki",
                "nominatiivi": "Ilmajoki",
                "inessiivi": "Ilmajoella",
                "genetiivi": "Ilmajoen"
            },
            {
                "kunta": "Isojoki",
                "nominatiivi": "Isojoki",
                "inessiivi": "Isojoella",
                "genetiivi": "Isojoen"
            },
            {
                "kunta": "Isokyrö",
                "nominatiivi": "Isokyrö",
                "inessiivi": "Isokyrössä",
                "genetiivi": "Isokyrön"
            },
            {
                "kunta": "Karijoki",
                "nominatiivi": "Karijoki",
                "inessiivi": "Karijoella",
                "genetiivi": "Karijoen"
            },
            {
                "kunta": "Kauhajoki",
                "nominatiivi": "Kauhajoki",
                "inessiivi": "Kauhajoella",
                "genetiivi": "Kauhajoen"
            },
            {
                "kunta": "Kauhava",
                "nominatiivi": "Kauhava",
                "inessiivi": "Kauhavalla",
                "genetiivi": "Kauhavan"
            },
            {
                "kunta": "Kuortane",
                "nominatiivi": "Kuortane",
                "inessiivi": "Kuortaneella",
                "genetiivi": "Kuortaneen"
            },
            {
                "kunta": "Kurikka",
                "nominatiivi": "Kurikka",
                "inessiivi": "Kurikkassa",
                "genetiivi": "Kurikkan"
            },
            {
                "kunta": "Lappajärvi",
                "nominatiivi": "Lappajärvi",
                "inessiivi": "Lappajärvellä",
                "genetiivi": "Lappajärven"
            },
            {
                "kunta": "Lapua",
                "nominatiivi": "Lapua",
                "inessiivi": "Lapualla",
                "genetiivi": "Lapuan"
            },
            {
                "kunta": "Seinäjoki",
                "nominatiivi": "Seinäjoki",
                "inessiivi": "Seinäjoella",
                "genetiivi": "Seinäjoen"
            },
            {
                "kunta": "Soini",
                "nominatiivi": "Soini",
                "inessiivi": "Soinissa",
                "genetiivi": "Soinin"
            },
            {
                "kunta": "Teuva",
                "nominatiivi": "Teuva",
                "inessiivi": "Teuvalla",
                "genetiivi": "Teuvan"
            },
            {
                "kunta": "Vimpeli",
                "nominatiivi": "Vimpeli",
                "inessiivi": "Vimpelissä",
                "genetiivi": "Vimpelin"
            },
            {
                "kunta": "Ähtäri",
                "nominatiivi": "Ähtäri",
                "inessiivi": "Ähtärissä",
                "genetiivi": "Ähtärin"
            }
        ]
    },
    {
        "maakunta": "Etelä-Savo",
        "nominatiivi": "Etelä-Savo",
        "inessiivi": "Etelä-Savossa",
        "genetiivi": "Etelä-Savon",
        "kunnat": [
            {
                "kunta": "Enonkoski",
                "nominatiivi": "Enonkoski",
                "inessiivi": "Enonkoskella",
                "genetiivi": "Enonkosken"
            },
            {
                "kunta": "Hirvensalmi",
                "nominatiivi": "Hirvensalmi",
                "inessiivi": "Hirvensalmessa",
                "genetiivi": "Hirvensalmen"
            },
            {
                "kunta": "Juva",
                "nominatiivi": "Juva",
                "inessiivi": "Juvalla",
                "genetiivi": "Juvan"
            },
            {
                "kunta": "Kangasniemi",
                "nominatiivi": "Kangasniemi",
                "inessiivi": "Kangasniemellä",
                "genetiivi": "Kangasniemen"
            },
            {
                "kunta": "Mikkeli",
                "nominatiivi": "Mikkeli",
                "inessiivi": "Mikkelissä",
                "genetiivi": "Mikkelin"
            },
            {
                "kunta": "Mäntyharju",
                "nominatiivi": "Mäntyharju",
                "inessiivi": "Mäntyharjussa",
                "genetiivi": "Mäntyharjun"
            },
            {
                "kunta": "Pertunmaa",
                "nominatiivi": "Pertunmaa",
                "inessiivi": "Pertunmaassa",
                "genetiivi": "Pertunmaan"
            },
            {
                "kunta": "Pieksämäki",
                "nominatiivi": "Pieksämäki",
                "inessiivi": "Pieksämäellä",
                "genetiivi": "Pieksämäen"
            },
            {
                "kunta": "Puumala",
                "nominatiivi": "Puumala",
                "inessiivi": "Puumalassa",
                "genetiivi": "Puumalan"
            },
            {
                "kunta": "Rantasalmi",
                "nominatiivi": "Rantasalmi",
                "inessiivi": "Rantasalmella",
                "genetiivi": "Rantasalmen"
            },
            {
                "kunta": "Savonlinna",
                "nominatiivi": "Savonlinna",
                "inessiivi": "Savonlinnassa",
                "genetiivi": "Savonlinnan"
            },
            {
                "kunta": "Sulkava",
                "nominatiivi": "Sulkava",
                "inessiivi": "Sulkavassa",
                "genetiivi": "Sulkavan"
            }
        ]
    },
    {
        "maakunta": "Kainuu",
        "nominatiivi": "Kainuu",
        "inessiivi": "Kainuussa",
        "genetiivi": "Kainuun",
        "kunnat": [
            {
                "kunta": "Hyrynsalmi",
                "nominatiivi": "Hyrynsalmi",
                "inessiivi": "Hyrynsalmella",
                "genetiivi": "Hyrynsalmen"
            },
            {
                "kunta": "Kajaani",
                "nominatiivi": "Kajaani",
                "inessiivi": "Kajaanissa",
                "genetiivi": "Kajaanin"
            },
            {
                "kunta": "Kuhmo",
                "nominatiivi": "Kuhmo",
                "inessiivi": "Kuhmossa",
                "genetiivi": "Kuhmon"
            },
            {
                "kunta": "Paltamo",
                "nominatiivi": "Paltamo",
                "inessiivi": "Paltamossa",
                "genetiivi": "Paltamon"
            },
            {
                "kunta": "Puolanka",
                "nominatiivi": "Puolanka",
                "inessiivi": "Puolangalla",
                "genetiivi": "Puolangan"
            },
            {
                "kunta": "Ristijärvi",
                "nominatiivi": "Ristijärvi",
                "inessiivi": "Ristijärvellä",
                "genetiivi": "Ristijärven"
            },
            {
                "kunta": "Sotkamo",
                "nominatiivi": "Sotkamo",
                "inessiivi": "Sotkamossa",
                "genetiivi": "Sotkamon"
            },
            {
                "kunta": "Suomussalmi",
                "nominatiivi": "Suomussalmi",
                "inessiivi": "Suomussalmella",
                "genetiivi": "Suomussalmen"
            }
        ]
    },
    {
        "maakunta": "Kanta-Häme",
        "nominatiivi": "Kanta-Häme",
        "inessiivi": "Kanta-Hämeessä",
        "genetiivi": "Kanta-Hämeen",
        "kunnat": [
            {
                "kunta": "Forssa",
                "nominatiivi": "Forssa",
                "inessiivi": "Forssassa",
                "genetiivi": "Forssan"
            },
            {
                "kunta": "Hattula",
                "nominatiivi": "Hattula",
                "inessiivi": "Hattulassa",
                "genetiivi": "Hattulan"
            },
            {
                "kunta": "Hausjärvi",
                "nominatiivi": "Hausjärvi",
                "inessiivi": "Hausjärvellä",
                "genetiivi": "Hausjärven"
            },
            {
                "kunta": "Humppila",
                "nominatiivi": "Humppila",
                "inessiivi": "Humppilassa",
                "genetiivi": "Humppilan"
            },
            {
                "kunta": "Hämeenlinna",
                "nominatiivi": "Hämeenlinna",
                "inessiivi": "Hämeenlinnassa",
                "genetiivi": "Hämeenlinnan"
            },
            {
                "kunta": "Janakkala",
                "nominatiivi": "Janakkala",
                "inessiivi": "Janakkalassa",
                "genetiivi": "Janakkalan"
            },
            {
                "kunta": "Jokioinen",
                "nominatiivi": "Jokioinen",
                "inessiivi": "Jokioisilla",
                "genetiivi": "Jokioisten"
            },
            {
                "kunta": "Loppi",
                "nominatiivi": "Loppi",
                "inessiivi": "Lopella",
                "genetiivi": "Lopen"
            },
            {
                "kunta": "Riihimäki",
                "nominatiivi": "Riihimäki",
                "inessiivi": "Riihimäellä",
                "genetiivi": "Riihimäen"
            },
            {
                "kunta": "Tammela",
                "nominatiivi": "Tammela",
                "inessiivi": "Tammelassa",
                "genetiivi": "Tammelan"
            },
            {
                "kunta": "Ypäjä",
                "nominatiivi": "Ypäjä",
                "inessiivi": "Ypäjällä",
                "genetiivi": "Ypäjän"
            }
        ]
    },
    {
        "maakunta": "Keski-Pohjanmaa",
        "nominatiivi": "Keski-Pohjanmaa",
        "inessiivi": "Keski-Pohjanmaalla",
        "genetiivi": "Keski-Pohjanmaan",
        "kunnat": [
            {
                "kunta": "Halsua",
                "nominatiivi": "Halsua",
                "inessiivi": "Halsualla",
                "genetiivi": "Halsuan"
            },
            {
                "kunta": "Kannus",
                "nominatiivi": "Kannus",
                "inessiivi": "Kannuksessa",
                "genetiivi": "Kannuksen"
            },
            {
                "kunta": "Kaustinen",
                "nominatiivi": "Kaustinen",
                "inessiivi": "Kaustisilla",
                "genetiivi": "Kaustisten"
            },
            {
                "kunta": "Kokkola",
                "nominatiivi": "Kokkola",
                "inessiivi": "Kokkolassa",
                "genetiivi": "Kokkolan"
            },
            {
                "kunta": "Lestijärvi",
                "nominatiivi": "Lestijärvi",
                "inessiivi": "Lestijärvellä",
                "genetiivi": "Lestijärven"
            },
            {
                "kunta": "Perho",
                "nominatiivi": "Perho",
                "inessiivi": "Perhossa",
                "genetiivi": "Perhon"
            },
            {
                "kunta": "Toholampi",
                "nominatiivi": "Toholampi",
                "inessiivi": "Toholammella",
                "genetiivi": "Toholammin"
            },
            {
                "kunta": "Veteli",
                "nominatiivi": "Veteli",
                "inessiivi": "Vetelissä",
                "genetiivi": "Vetelin"
            }
        ]
    },
    {
        "maakunta": "Keski-Suomi",
        "nominatiivi": "Keski-Suomi",
        "inessiivi": "Keski-Suomessa",
        "genetiivi": "Keski-Suomen",
        "kunnat": [
            {
                "kunta": "Hankasalmi",
                "nominatiivi": "Hankasalmi",
                "inessiivi": "Hankasalmessa",
                "genetiivi": "Hankasalmen"
            },
            {
                "kunta": "Joutsa",
                "nominatiivi": "Joutsa",
                "inessiivi": "Joutsassa",
                "genetiivi": "Joutsan"
            },
            {
                "kunta": "Jyväskylä",
                "nominatiivi": "Jyväskylä",
                "inessiivi": "Jyväskylässä",
                "genetiivi": "Jyväskylän"
            },
            {
                "kunta": "Jämsä",
                "nominatiivi": "Jämsä",
                "inessiivi": "Jämsässä",
                "genetiivi": "Jämsän"
            },
            {
                "kunta": "Kannonkoski",
                "nominatiivi": "Kannonkoski",
                "inessiivi": "Kannonkoskella",
                "genetiivi": "Kannonkosken"
            },
            {
                "kunta": "Karstula",
                "nominatiivi": "Karstula",
                "inessiivi": "Karstulassa",
                "genetiivi": "Karstulan"
            },
            {
                "kunta": "Keuruu",
                "nominatiivi": "Keuruu",
                "inessiivi": "Keuruussa",
                "genetiivi": "Keuruun"
            },
            {
                "kunta": "Kinnula",
                "nominatiivi": "Kinnula",
                "inessiivi": "Kinnulassa",
                "genetiivi": "Kinnulan"
            },
            {
                "kunta": "Kivijärvi",
                "nominatiivi": "Kivijärvi",
                "inessiivi": "Kivijärvellä",
                "genetiivi": "Kivijärven"
            },
            {
                "kunta": "Konnevesi",
                "nominatiivi": "Konnevesi",
                "inessiivi": "Konneveellä",
                "genetiivi": "Konneveen"
            },
            {
                "kunta": "Kyyjärvi",
                "nominatiivi": "Kyyjärvi",
                "inessiivi": "Kyyjärvellä",
                "genetiivi": "Kyyjärven"
            },
            {
                "kunta": "Laukaa",
                "nominatiivi": "Laukaa",
                "inessiivi": "Laukaalla",
                "genetiivi": "Laukaan"
            },
            {
                "kunta": "Luhanka",
                "nominatiivi": "Luhanka",
                "inessiivi": "Luhangalla",
                "genetiivi": "Luhangan"
            },
            {
                "kunta": "Multia",
                "nominatiivi": "Multia",
                "inessiivi": "Multialla",
                "genetiivi": "Multian"
            },
            {
                "kunta": "Muurame",
                "nominatiivi": "Muurame",
                "inessiivi": "Muuramessa",
                "genetiivi": "Muuramen"
            },
            {
                "kunta": "Petäjävesi",
                "nominatiivi": "Petäjävesi",
                "inessiivi": "Petäjäveellä",
                "genetiivi": "Petäjäveden"
            },
            {
                "kunta": "Pihtipudas",
                "nominatiivi": "Pihtipudas",
                "inessiivi": "Pihtipudaalla",
                "genetiivi": "Pihtiputaan"
            },
            {
                "kunta": "Saarijärvi",
                "nominatiivi": "Saarijärvi",
                "inessiivi": "Saarijärvellä",
                "genetiivi": "Saarijärven"
            },
            {
                "kunta": "Toivakka",
                "nominatiivi": "Toivakka",
                "inessiivi": "Toivakkalassa",
                "genetiivi": "Toivakkalan"
            },
            {
                "kunta": "Uurainen",
                "nominatiivi": "Uurainen",
                "inessiivi": "Uuraisissa",
                "genetiivi": "Uuraisten"
            },
            {
                "kunta": "Viitasaari",
                "nominatiivi": "Viitasaari",
                "inessiivi": "Viitasaarella",
                "genetiivi": "Viitasaaren"
            },
            {
                "kunta": "Äänekoski",
                "nominatiivi": "Äänekoski",
                "inessiivi": "Äänekoskella",
                "genetiivi": "Äänekosken"
            }
        ]
    },
    {
        "maakunta": "Kymenlaakso",
        "nominatiivi": "Kymenlaakso",
        "inessiivi": "Kymenlaaksossa",
        "genetiivi": "Kymenlaakson",
        "kunnat": [
            {
                "kunta": "Hamina",
                "nominatiivi": "Hamina",
                "inessiivi": "Haminassa",
                "genetiivi": "Haminan"
            },
            {
                "kunta": "Kotka",
                "nominatiivi": "Kotka",
                "inessiivi": "Kotkassa",
                "genetiivi": "Kotkan"
            },
            {
                "kunta": "Kouvola",
                "nominatiivi": "Kouvola",
                "inessiivi": "Kouvolassa",
                "genetiivi": "Kouvolan"
            },
            {
                "kunta": "Miehikkälä",
                "nominatiivi": "Miehikkälä",
                "inessiivi": "Miehikkälässä",
                "genetiivi": "Miehikkälän"
            },
            {
                "kunta": "Pyhtää",
                "nominatiivi": "Pyhtää",
                "inessiivi": "Pyhtäällä",
                "genetiivi": "Pyhtään"
            },
            {
                "kunta": "Virolahti",
                "nominatiivi": "Virolahti",
                "inessiivi": "Virolahdessa",
                "genetiivi": "Virolahden"
            }
        ]
    },
    {
        "maakunta": "Lappi",
        "nominatiivi": "Lappi",
        "inessiivi": "Lapissa",
        "genetiivi": "Lapin",
        "kunnat": [
            {
                "kunta": "Enontekiö",
                "nominatiivi": "Enontekiö",
                "inessiivi": "Enontekijöllä",
                "genetiivi": "Enontekiön"
            },
            {
                "kunta": "Inari",
                "nominatiivi": "Inari",
                "inessiivi": "Inarissa",
                "genetiivi": "Inarin"
            },
            {
                "kunta": "Kemi",
                "nominatiivi": "Kemi",
                "inessiivi": "Kemissä",
                "genetiivi": "Kemin"
            },
            {
                "kunta": "Kemijärvi",
                "nominatiivi": "Kemijärvi",
                "inessiivi": "Kemijärvellä",
                "genetiivi": "Kemijärven"
            },
            {
                "kunta": "Keminmaa",
                "nominatiivi": "Keminmaa",
                "inessiivi": "Keminmaassa",
                "genetiivi": "Keminmaan"
            },
            {
                "kunta": "Kittilä",
                "nominatiivi": "Kittilä",
                "inessiivi": "Kittilässä",
                "genetiivi": "Kittilän"
            },
            {
                "kunta": "Kolari",
                "nominatiivi": "Kolari",
                "inessiivi": "Kolarissa",
                "genetiivi": "Kolarin"
            },
            {
                "kunta": "Muonio",
                "nominatiivi": "Muonio",
                "inessiivi": "Muoniossa",
                "genetiivi": "Muonion"
            },
            {
                "kunta": "Pelkosenniemi",
                "nominatiivi": "Pelkosenniemi",
                "inessiivi": "Pelkosenniemellä",
                "genetiivi": "Pelkosenniemen"
            },
            {
                "kunta": "Pello",
                "nominatiivi": "Pello",
                "inessiivi": "Pellossa",
                "genetiivi": "Pellon"
            },
            {
                "kunta": "Posio",
                "nominatiivi": "Posio",
                "inessiivi": "Posiossa",
                "genetiivi": "Posion"
            },
            {
                "kunta": "Ranua",
                "nominatiivi": "Ranua",
                "inessiivi": "Ranualla",
                "genetiivi": "Ranuan"
            },
            {
                "kunta": "Rovaniemi",
                "nominatiivi": "Rovaniemi",
                "inessiivi": "Rovaniemellä",
                "genetiivi": "Rovaniemen"
            },
            {
                "kunta": "Salla",
                "nominatiivi": "Salla",
                "inessiivi": "Sallassa",
                "genetiivi": "Sallan"
            },
            {
                "kunta": "Savukoski",
                "nominatiivi": "Savukoski",
                "inessiivi": "Savukoskella",
                "genetiivi": "Savukosken"
            },
            {
                "kunta": "Simo",
                "nominatiivi": "Simo",
                "inessiivi": "Simossa",
                "genetiivi": "Simon"
            },
            {
                "kunta": "Sodankylä",
                "nominatiivi": "Sodankylä",
                "inessiivi": "Sodankylässä",
                "genetiivi": "Sodankylän"
            },
            {
                "kunta": "Tervola",
                "nominatiivi": "Tervola",
                "inessiivi": "Tervolassa",
                "genetiivi": "Tervolan"
            },
            {
                "kunta": "Tornio",
                "nominatiivi": "Tornio",
                "inessiivi": "Torniossa",
                "genetiivi": "Tornion"
            },
            {
                "kunta": "Utsjoki",
                "nominatiivi": "Utsjoki",
                "inessiivi": "Utsjoella",
                "genetiivi": "Utsjoen"
            },
            {
                "kunta": "Ylitornio",
                "nominatiivi": "Ylitornio",
                "inessiivi": "Ylitorniossa",
                "genetiivi": "Ylitornion"
            }
        ]
    },
    {
        "maakunta": "Pirkanmaa",
        "nominatiivi": "Pirkanmaa",
        "inessiivi": "Pirkanmaalla",
        "genetiivi": "Pirkanmaan",
        "kunnat": [
            {
                "kunta": "Akaa",
                "nominatiivi": "Akaa",
                "inessiivi": "Akaassa",
                "genetiivi": "Akaan"
            },
            {
                "kunta": "Hämeenkyrö",
                "nominatiivi": "Hämeenkyrö",
                "inessiivi": "Hämeenkyrössä",
                "genetiivi": "Hämeenkyrön"
            },
            {
                "kunta": "Ikaalinen",
                "nominatiivi": "Ikaalinen",
                "inessiivi": "Ikaalisilla",
                "genetiivi": "Ikaalisten"
            },
            {
                "kunta": "Juupajoki",
                "nominatiivi": "Juupajoki",
                "inessiivi": "Juupajoella",
                "genetiivi": "Juupajoen"
            },
            {
                "kunta": "Kangasala",
                "nominatiivi": "Kangasala",
                "inessiivi": "Kangasalla",
                "genetiivi": "Kangasalan"
            },
            {
                "kunta": "Kihniö",
                "nominatiivi": "Kihniö",
                "inessiivi": "Kihniössa",
                "genetiivi": "Kihniön"
            },
            {
                "kunta": "Kuhmoinen",
                "nominatiivi": "Kuhmoinen",
                "inessiivi": "Kuhmoisessa",
                "genetiivi": "Kuhmoisten"
            },
            {
                "kunta": "Lempäälä",
                "nominatiivi": "Lempäälä",
                "inessiivi": "Lempäälässä",
                "genetiivi": "Lempäälän"
            },
            {
                "kunta": "Mänttä-Vilppula",
                "nominatiivi": "Mänttä-Vilppula",
                "inessiivi": "Mänttä-Vilppulassa",
                "genetiivi": "Mänttä-Vilppulan"
            },
            {
                "kunta": "Nokia",
                "nominatiivi": "Nokia",
                "inessiivi": "Nokialla",
                "genetiivi": "Nokian"
            },
            {
                "kunta": "Orivesi",
                "nominatiivi": "Orivesi",
                "inessiivi": "Oriveellä",
                "genetiivi": "Oriveen"
            },
            {
                "kunta": "Parkano",
                "nominatiivi": "Parkano",
                "inessiivi": "Parkanossa",
                "genetiivi": "Parkanon"
            },
            {
                "kunta": "Pirkkala",
                "nominatiivi": "Pirkkala",
                "inessiivi": "Pirkkalassa",
                "genetiivi": "Pirkkalan"
            },
            {
                "kunta": "Punkalaidun",
                "nominatiivi": "Punkalaidun",
                "inessiivi": "Punkalaidunssa",
                "genetiivi": "Punkalaitumen"
            },
            {
                "kunta": "Pälkäne",
                "nominatiivi": "Pälkäne",
                "inessiivi": "Pälkäneessä",
                "genetiivi": "Pälkäneen"
            },
            {
                "kunta": "Ruovesi",
                "nominatiivi": "Ruovesi",
                "inessiivi": "Ruoveden",
                "genetiivi": "Ruoveden"
            },
            {
                "kunta": "Sastamala",
                "nominatiivi": "Sastamala",
                "inessiivi": "Sastamalassa",
                "genetiivi": "Sastamalan"
            },
            {
                "kunta": "Tampere",
                "nominatiivi": "Tampere",
                "inessiivi": "Tampereella",
                "genetiivi": "Tamperen"
            },
            {
                "kunta": "Urjala",
                "nominatiivi": "Urjala",
                "inessiivi": "Urjalassa",
                "genetiivi": "Urjalan"
            },
            {
                "kunta": "Valkeakoski",
                "nominatiivi": "Valkeakoski",
                "inessiivi": "Valkeakoskella",
                "genetiivi": "Valkeakosken"
            },
            {
                "kunta": "Vesilahti",
                "nominatiivi": "Vesilahti",
                "inessiivi": "Vesilahden",
                "genetiivi": "Vesilahden"
            },
            {
                "kunta": "Virrat",
                "nominatiivi": "Virrat",
                "inessiivi": "Virrolla",
                "genetiivi": "Virtojen"
            },
            {
                "kunta": "Ylöjärvi",
                "nominatiivi": "Ylöjärvi",
                "inessiivi": "Ylöjärvellä",
                "genetiivi": "Ylöjärven"
            }
        ]
    },
    {
        "maakunta": "Pohjanmaa",
        "nominatiivi": "Pohjanmaa",
        "inessiivi": "Pohjanmaalla",
        "genetiivi": "Pohjanmaan",
        "kunnat": [
            {
                "kunta": "Kaskinen",
                "nominatiivi": "Kaskinen",
                "inessiivi": "Kaskisilla",
                "genetiivi": "Kaskisten"
            },
            {
                "kunta": "Korsnäs",
                "nominatiivi": "Korsnäs",
                "inessiivi": "Korsnäsissä",
                "genetiivi": "Korsnäsin"
            },
            {
                "kunta": "Kristiinankaupunki",
                "nominatiivi": "Kristiinankaupunki",
                "inessiivi": "Kristiinankaupungissa",
                "genetiivi": "Kristiinankaupungin"
            },
            {
                "kunta": "Kruunupyy",
                "nominatiivi": "Kruunupyy",
                "inessiivi": "Kruunupyyssä",
                "genetiivi": "Kruunupyyn"
            },
            {
                "kunta": "Laihia",
                "nominatiivi": "Laihia",
                "inessiivi": "Laihialla",
                "genetiivi": "Laihian"
            },
            {
                "kunta": "Luoto",
                "nominatiivi": "Luoto",
                "inessiivi": "Luodossa",
                "genetiivi": "Luoton"
            },
            {
                "kunta": "Maalahti",
                "nominatiivi": "Maalahti",
                "inessiivi": "Maalahdessa",
                "genetiivi": "Maalahden"
            },
            {
                "kunta": "Mustasaari",
                "nominatiivi": "Mustasaari",
                "inessiivi": "Mustasaaressa",
                "genetiivi": "Mustasaaren"
            },
            {
                "kunta": "Närpiö",
                "nominatiivi": "Närpiö",
                "inessiivi": "Närpiössa",
                "genetiivi": "Närpiön"
            },
            {
                "kunta": "Pedersören kunta",
                "nominatiivi": "Pedersören kunta",
                "inessiivi": "Pedersören kunnassa",
                "genetiivi": "Pedersören kunnan"
            },
            {
                "kunta": "Pietarsaari",
                "nominatiivi": "Pietarsaari",
                "inessiivi": "Pietarsaaressa",
                "genetiivi": "Pietarsaaren"
            },
            {
                "kunta": "Uusikaarlepyy",
                "nominatiivi": "Uusikaarlepyy",
                "inessiivi": "Uusikaarlepyyssä",
                "genetiivi": "Uusikaarlepyyn"
            },
            {
                "kunta": "Vaasa",
                "nominatiivi": "Vaasa",
                "inessiivi": "Vaasassa",
                "genetiivi": "Vaasan"
            },
            {
                "kunta": "Vöyri",
                "nominatiivi": "Vöyri",
                "inessiivi": "Vöyrillä",
                "genetiivi": "Vöyrin"
            }
        ]
    },
    {
        "maakunta": "Pohjois-Karjala",
        "nominatiivi": "Pohjois-Karjala",
        "inessiivi": "Pohjois-Karjalassa",
        "genetiivi": "Pohjois-Karjalan",
        "kunnat": [
            {
                "kunta": "Heinävesi",
                "nominatiivi": "Heinävesi",
                "inessiivi": "Heinävedellä",
                "genetiivi": "Heinäveden"
            },
            {
                "kunta": "Ilomantsi",
                "nominatiivi": "Ilomantsi",
                "inessiivi": "Ilomantsissa",
                "genetiivi": "Ilomantsin"
            },
            {
                "kunta": "Joensuu",
                "nominatiivi": "Joensuu",
                "inessiivi": "Joensuussa",
                "genetiivi": "Joensuun"
            },
            {
                "kunta": "Juuka",
                "nominatiivi": "Juuka",
                "inessiivi": "Juualla",
                "genetiivi": "Juukan"
            },
            {
                "kunta": "Kitee",
                "nominatiivi": "Kitee",
                "inessiivi": "Kiteellä",
                "genetiivi": "Kiteen"
            },
            {
                "kunta": "Kontiolahti",
                "nominatiivi": "Kontiolahti",
                "inessiivi": "Kontiolahdessa",
                "genetiivi": "Kontiolahden"
            },
            {
                "kunta": "Lieksa",
                "nominatiivi": "Lieksa",
                "inessiivi": "Lieksassa",
                "genetiivi": "Lieksan"
            },
            {
                "kunta": "Liperi",
                "nominatiivi": "Liperi",
                "inessiivi": "Liperissä",
                "genetiivi": "Liperin"
            },
            {
                "kunta": "Nurmes",
                "nominatiivi": "Nurmes",
                "inessiivi": "Nurmeksessa",
                "genetiivi": "Nurmesn"
            },
            {
                "kunta": "Outokumpu",
                "nominatiivi": "Outokumpu",
                "inessiivi": "Outokumpussa",
                "genetiivi": "Outokumpun"
            },
            {
                "kunta": "Polvijärvi",
                "nominatiivi": "Polvijärvi",
                "inessiivi": "Polvijärvellä",
                "genetiivi": "Polvijärven"
            },
            {
                "kunta": "Rääkkylä",
                "nominatiivi": "Rääkkylä",
                "inessiivi": "Rääkkylässä",
                "genetiivi": "Rääkkylän"
            },
            {
                "kunta": "Tohmajärvi",
                "nominatiivi": "Tohmajärvi",
                "inessiivi": "Tohmajärvellä",
                "genetiivi": "Tohmajärven"
            }
        ]
    },
    {
        "maakunta": "Pohjois-Pohjanmaa",
        "nominatiivi": "Pohjois-Pohjanmaa",
        "inessiivi": "Pohjois-Pohjanmaalla",
        "genetiivi": "Pohjois-Pohjanmaan",
        "kunnat": [
            {
                "kunta": "Alavieska",
                "nominatiivi": "Alavieska",
                "inessiivi": "Alavieskassa",
                "genetiivi": "Alavieskan"
            },
            {
                "kunta": "Haapajärvi",
                "nominatiivi": "Haapajärvi",
                "inessiivi": "Haapajärvellä",
                "genetiivi": "Haapajärven"
            },
            {
                "kunta": "Haapavesi",
                "nominatiivi": "Haapavesi",
                "inessiivi": "Haapaveellä",
                "genetiivi": "Haapaveden"
            },
            {
                "kunta": "Hailuoto",
                "nominatiivi": "Hailuoto",
                "inessiivi": "Hailuodossa",
                "genetiivi": "Hailuoton"
            },
            {
                "kunta": "Ii",
                "nominatiivi": "Ii",
                "inessiivi": "Iissä",
                "genetiivi": "Iin"
            },
            {
                "kunta": "Kalajoki",
                "nominatiivi": "Kalajoki",
                "inessiivi": "Kalajoella",
                "genetiivi": "Kalajoen"
            },
            {
                "kunta": "Kempele",
                "nominatiivi": "Kempele",
                "inessiivi": "Kempeleessä",
                "genetiivi": "Kempeleen"
            },
            {
                "kunta": "Kuusamo",
                "nominatiivi": "Kuusamo",
                "inessiivi": "Kuusamossa",
                "genetiivi": "Kuusamon"
            },
            {
                "kunta": "Kärsämäki",
                "nominatiivi": "Kärsämäki",
                "inessiivi": "Kärsämäellä",
                "genetiivi": "Kärsämäen"
            },
            {
                "kunta": "Liminka",
                "nominatiivi": "Liminka",
                "inessiivi": "Limingassa",
                "genetiivi": "Limingan"
            },
            {
                "kunta": "Lumijoki",
                "nominatiivi": "Lumijoki",
                "inessiivi": "Lumijoella",
                "genetiivi": "Lumijoen"
            },
            {
                "kunta": "Merijärvi",
                "nominatiivi": "Merijärvi",
                "inessiivi": "Merijärvellä",
                "genetiivi": "Merijärven"
            },
            {
                "kunta": "Muhos",
                "nominatiivi": "Muhos",
                "inessiivi": "Muhoksella",
                "genetiivi": "Muhoksen"
            },
            {
                "kunta": "Nivala",
                "nominatiivi": "Nivala",
                "inessiivi": "Nivalassa",
                "genetiivi": "Nivalan"
            },
            {
                "kunta": "Oulainen",
                "nominatiivi": "Oulainen",
                "inessiivi": "Oulaisissa",
                "genetiivi": "Oulaisten"
            },
            {
                "kunta": "Oulu",
                "nominatiivi": "Oulu",
                "inessiivi": "Oulussa",
                "genetiivi": "Oulun"
            },
            {
                "kunta": "Pudasjärvi",
                "nominatiivi": "Pudasjärvi",
                "inessiivi": "Pudasjärvellä",
                "genetiivi": "Pudasjärven"
            },
            {
                "kunta": "Pyhäjoki",
                "nominatiivi": "Pyhäjoki",
                "inessiivi": "Pyhäjoella",
                "genetiivi": "Pyhäjoen"
            },
            {
                "kunta": "Pyhäjärvi",
                "nominatiivi": "Pyhäjärvi",
                "inessiivi": "Pyhäjärvellä",
                "genetiivi": "Pyhäjärven"
            },
            {
                "kunta": "Pyhäntä",
                "nominatiivi": "Pyhäntä",
                "inessiivi": "Pyhäntäällä",
                "genetiivi": "Pyhäntän"
            },
            {
                "kunta": "Raahe",
                "nominatiivi": "Raahe",
                "inessiivi": "Raahessa",
                "genetiivi": "Raahen"
            },
            {
                "kunta": "Reisjärvi",
                "nominatiivi": "Reisjärvi",
                "inessiivi": "Reisjärvellä",
                "genetiivi": "Reisjärven"
            },
            {
                "kunta": "Sievi",
                "nominatiivi": "Sievi",
                "inessiivi": "Sievissä",
                "genetiivi": "Sievin"
            },
            {
                "kunta": "Siikajoki",
                "nominatiivi": "Siikajoki",
                "inessiivi": "Siikajoella",
                "genetiivi": "Siikajoen"
            },
            {
                "kunta": "Siikalatva",
                "nominatiivi": "Siikalatva",
                "inessiivi": "Siikalatvalla",
                "genetiivi": "Siikalatvan"
            },
            {
                "kunta": "Taivalkoski",
                "nominatiivi": "Taivalkoski",
                "inessiivi": "Taivalkoskella",
                "genetiivi": "Taivalkosken"
            },
            {
                "kunta": "Tyrnävä",
                "nominatiivi": "Tyrnävä",
                "inessiivi": "Tyrnävällä",
                "genetiivi": "Tyrnävän"
            },
            {
                "kunta": "Utajärvi",
                "nominatiivi": "Utajärvi",
                "inessiivi": "Utajärvellä",
                "genetiivi": "Utajärven"
            },
            {
                "kunta": "Vaala",
                "nominatiivi": "Vaala",
                "inessiivi": "Vaalassa",
                "genetiivi": "Vaalan"
            },
            {
                "kunta": "Ylivieska",
                "nominatiivi": "Ylivieska",
                "inessiivi": "Ylivieskassa",
                "genetiivi": "Ylivieskan"
            }
        ]
    },
    {
        "maakunta": "Pohjois-Savo",
        "nominatiivi": "Pohjois-Savo",
        "inessiivi": "Pohjois-Savossa",
        "genetiivi": "Pohjois-Savon",
        "kunnat": [
            {
                "kunta": "Iisalmi",
                "nominatiivi": "Iisalmi",
                "inessiivi": "Iisalmessa",
                "genetiivi": "Iisalmen"
            },
            {
                "kunta": "Joroinen",
                "nominatiivi": "Joroinen",
                "inessiivi": "Joroisilla",
                "genetiivi": "Joroisten"
            },
            {
                "kunta": "Kaavi",
                "nominatiivi": "Kaavi",
                "inessiivi": "Kaavilla",
                "genetiivi": "Kaavin"
            },
            {
                "kunta": "Keitele",
                "nominatiivi": "Keitele",
                "inessiivi": "Keiteleessä",
                "genetiivi": "Keitelen"
            },
            {
                "kunta": "Kiuruvesi",
                "nominatiivi": "Kiuruvesi",
                "inessiivi": "Kiuruvedellä",
                "genetiivi": "Kiuruveden"
            },
            {
                "kunta": "Kuopio",
                "nominatiivi": "Kuopio",
                "inessiivi": "Kuopiossa",
                "genetiivi": "Kuopion"
            },
            {
                "kunta": "Lapinlahti",
                "nominatiivi": "Lapinlahti",
                "inessiivi": "Lapinlahdessa",
                "genetiivi": "Lapinlahden"
            },
            {
                "kunta": "Leppävirta",
                "nominatiivi": "Leppävirta",
                "inessiivi": "Leppävirralla",
                "genetiivi": "Leppävirtan"
            },
            {
                "kunta": "Pielavesi",
                "nominatiivi": "Pielavesi",
                "inessiivi": "Pielavedellä",
                "genetiivi": "Pielaveden"
            },
            {
                "kunta": "Rautalampi",
                "nominatiivi": "Rautalampi",
                "inessiivi": "Rautalammessa",
                "genetiivi": "Rautalammen"
            },
            {
                "kunta": "Rautavaara",
                "nominatiivi": "Rautavaara",
                "inessiivi": "Rautavaarassa",
                "genetiivi": "Rautavaaran"
            },
            {
                "kunta": "Siilinjärvi",
                "nominatiivi": "Siilinjärvi",
                "inessiivi": "Siilinjärvellä",
                "genetiivi": "Siilinjärven"
            },
            {
                "kunta": "Sonkajärvi",
                "nominatiivi": "Sonkajärvi",
                "inessiivi": "Sonkajärvellä",
                "genetiivi": "Sonkajärven"
            },
            {
                "kunta": "Suonenjoki",
                "nominatiivi": "Suonenjoki",
                "inessiivi": "Suonenjoella",
                "genetiivi": "Suonenjoen"
            },
            {
                "kunta": "Tervo",
                "nominatiivi": "Tervo",
                "inessiivi": "Tervossa",
                "genetiivi": "Tervon"
            },
            {
                "kunta": "Tuusniemi",
                "nominatiivi": "Tuusniemi",
                "inessiivi": "Tuusniemessä",
                "genetiivi": "Tuusniemen"
            },
            {
                "kunta": "Varkaus",
                "nominatiivi": "Varkaus",
                "inessiivi": "Varkaudessa",
                "genetiivi": "Varkauden"
            },
            {
                "kunta": "Vesanto",
                "nominatiivi": "Vesanto",
                "inessiivi": "Vesannossa",
                "genetiivi": "Vesannon"
            },
            {
                "kunta": "Vieremä",
                "nominatiivi": "Vieremä",
                "inessiivi": "Vieremällä",
                "genetiivi": "Vieremän"
            }
        ]
    },
    {
        "maakunta": "Päijät-Häme",
        "nominatiivi": "Päijät-Häme",
        "inessiivi": "Päijät-Hämeessä",
        "genetiivi": "Päijät-Hämeen",
        "kunnat": [
            {
                "kunta": "Asikkala",
                "nominatiivi": "Asikkala",
                "inessiivi": "Asikkalassa",
                "genetiivi": "Asikkalan"
            },
            {
                "kunta": "Hartola",
                "nominatiivi": "Hartola",
                "inessiivi": "Hartolassa",
                "genetiivi": "Hartolan"
            },
            {
                "kunta": "Heinola",
                "nominatiivi": "Heinola",
                "inessiivi": "Heinolassa",
                "genetiivi": "Heinolan"
            },
            {
                "kunta": "Hollola",
                "nominatiivi": "Hollola",
                "inessiivi": "Hollolassa",
                "genetiivi": "Hollolan"
            },
            {
                "kunta": "Iitti",
                "nominatiivi": "Iitti",
                "inessiivi": "Iittissä",
                "genetiivi": "Iittin"
            },
            {
                "kunta": "Kärkölä",
                "nominatiivi": "Kärkölä",
                "inessiivi": "Kärkölässä",
                "genetiivi": "Kärkölän"
            },
            {
                "kunta": "Lahti",
                "nominatiivi": "Lahti",
                "inessiivi": "Lahdessa",
                "genetiivi": "Lahden"
            },
            {
                "kunta": "Orimattila",
                "nominatiivi": "Orimattila",
                "inessiivi": "Orimattilassa",
                "genetiivi": "Orimattilan"
            },
            {
                "kunta": "Padasjoki",
                "nominatiivi": "Padasjoki",
                "inessiivi": "Padasjoella",
                "genetiivi": "Padasjoen"
            },
            {
                "kunta": "Sysmä",
                "nominatiivi": "Sysmä",
                "inessiivi": "Sysmässä",
                "genetiivi": "Sysmän"
            }
        ]
    },
    {
        "maakunta": "Satakunta",
        "nominatiivi": "Satakunta",
        "inessiivi": "Satakunnassa",
        "genetiivi": "Satakunnan",
        "kunnat": [
            {
                "kunta": "Eura",
                "nominatiivi": "Eura",
                "inessiivi": "Eurassa",
                "genetiivi": "Euran"
            },
            {
                "kunta": "Eurajoki",
                "nominatiivi": "Eurajoki",
                "inessiivi": "Eurajoella",
                "genetiivi": "Eurajoen"
            },
            {
                "kunta": "Harjavalta",
                "nominatiivi": "Harjavalta",
                "inessiivi": "Harjavallassa",
                "genetiivi": "Harjavallan"
            },
            {
                "kunta": "Huittinen",
                "nominatiivi": "Huittinen",
                "inessiivi": "Huittisissa",
                "genetiivi": "Huittisten"
            },
            {
                "kunta": "Jämijärvi",
                "nominatiivi": "Jämijärvi",
                "inessiivi": "Jämijärvellä",
                "genetiivi": "Jämijärven"
            },
            {
                "kunta": "Kankaanpää",
                "nominatiivi": "Kankaanpää",
                "inessiivi": "Kankaanpäässä",
                "genetiivi": "Kankaanpään"
            },
            {
                "kunta": "Karvia",
                "nominatiivi": "Karvia",
                "inessiivi": "Karvialla",
                "genetiivi": "Karvian"
            },
            {
                "kunta": "Kokemäki",
                "nominatiivi": "Kokemäki",
                "inessiivi": "Kokemäessä",
                "genetiivi": "Kokemäen"
            },
            {
                "kunta": "Merikarvia",
                "nominatiivi": "Merikarvia",
                "inessiivi": "Merikarvialla",
                "genetiivi": "Merikarvian"
            },
            {
                "kunta": "Nakkila",
                "nominatiivi": "Nakkila",
                "inessiivi": "Nakkilassa",
                "genetiivi": "Nakkilan"
            },
            {
                "kunta": "Pomarkku",
                "nominatiivi": "Pomarkku",
                "inessiivi": "Pomarkkussa",
                "genetiivi": "Pomarkkun"
            },
            {
                "kunta": "Pori",
                "nominatiivi": "Pori",
                "inessiivi": "Porissa",
                "genetiivi": "Porin"
            },
            {
                "kunta": "Rauma",
                "nominatiivi": "Rauma",
                "inessiivi": "Raumassa",
                "genetiivi": "Rauman"
            },
            {
                "kunta": "Siikainen",
                "nominatiivi": "Siikainen",
                "inessiivi": "Siikaisilla",
                "genetiivi": "Siikaisten"
            },
            {
                "kunta": "Säkylä",
                "nominatiivi": "Säkylä",
                "inessiivi": "Säkylässä",
                "genetiivi": "Säkylän"
            },
            {
                "kunta": "Ulvila",
                "nominatiivi": "Ulvila",
                "inessiivi": "Ulvilassa",
                "genetiivi": "Ulvilan"
            }
        ]
    },
    {
        "maakunta": "Uusimaa",
        "nominatiivi": "Uusimaa",
        "inessiivi": "Uudellamaalla",
        "genetiivi": "Uudenmaan",
        "kunnat": [
            {
                "kunta": "Askola",
                "nominatiivi": "Askola",
                "inessiivi": "Askolassa",
                "genetiivi": "Askolan"
            },
            {
                "kunta": "Espoo",
                "nominatiivi": "Espoo",
                "inessiivi": "Espoossa",
                "genetiivi": "Espoon"
            },
            {
                "kunta": "Hanko",
                "nominatiivi": "Hanko",
                "inessiivi": "Hangossa",
                "genetiivi": "Hankon"
            },
            {
                "kunta": "Helsinki",
                "nominatiivi": "Helsinki",
                "inessiivi": "Helsingissä",
                "genetiivi": "Helsingin"
            },
            {
                "kunta": "Hyvinkää",
                "nominatiivi": "Hyvinkää",
                "inessiivi": "Hyvinkäällä",
                "genetiivi": "Hyvinkään"
            },
            {
                "kunta": "Inkoo",
                "nominatiivi": "Inkoo",
                "inessiivi": "Inkoossa",
                "genetiivi": "Inkoon"
            },
            {
                "kunta": "Järvenpää",
                "nominatiivi": "Järvenpää",
                "inessiivi": "Järvenpäässä",
                "genetiivi": "Järvenpään"
            },
            {
                "kunta": "Karkkila",
                "nominatiivi": "Karkkila",
                "inessiivi": "Karkkilassa",
                "genetiivi": "Karkkilan"
            },
            {
                "kunta": "Kauniainen",
                "nominatiivi": "Kauniainen",
                "inessiivi": "Kauniaisissa",
                "genetiivi": "Kauniaisten"
            },
            {
                "kunta": "Kerava",
                "nominatiivi": "Kerava",
                "inessiivi": "Keravalla",
                "genetiivi": "Keravan"
            },
            {
                "kunta": "Kirkkonummi",
                "nominatiivi": "Kirkkonummi",
                "inessiivi": "Kirkkonummessa",
                "genetiivi": "Kirkkonummen"
            },
            {
                "kunta": "Lapinjärvi",
                "nominatiivi": "Lapinjärvi",
                "inessiivi": "Lapinjärvellä",
                "genetiivi": "Lapinjärven"
            },
            {
                "kunta": "Lohja",
                "nominatiivi": "Lohja",
                "inessiivi": "Lohjassa",
                "genetiivi": "Lohjan"
            },
            {
                "kunta": "Loviisa",
                "nominatiivi": "Loviisa",
                "inessiivi": "Loviisassa",
                "genetiivi": "Loviisan"
            },
            {
                "kunta": "Myrskylä",
                "nominatiivi": "Myrskylä",
                "inessiivi": "Myrskylässä",
                "genetiivi": "Myrskylän"
            },
            {
                "kunta": "Mäntsälä",
                "nominatiivi": "Mäntsälä",
                "inessiivi": "Mäntsälässä",
                "genetiivi": "Mäntsälän"
            },
            {
                "kunta": "Nurmijärvi",
                "nominatiivi": "Nurmijärvi",
                "inessiivi": "Nurmijärvellä",
                "genetiivi": "Nurmijärven"
            },
            {
                "kunta": "Pornainen",
                "nominatiivi": "Pornainen",
                "inessiivi": "Pornaisissa",
                "genetiivi": "Pornaisten"
            },
            {
                "kunta": "Porvoo",
                "nominatiivi": "Porvoo",
                "inessiivi": "Porvoossa",
                "genetiivi": "Porvoon"
            },
            {
                "kunta": "Pukkila",
                "nominatiivi": "Pukkila",
                "inessiivi": "Pukkilassa",
                "genetiivi": "Pukkilan"
            },
            {
                "kunta": "Raasepori",
                "nominatiivi": "Raasepori",
                "inessiivi": "Raaseporissa",
                "genetiivi": "Raaseporin"
            },
            {
                "kunta": "Sipoo",
                "nominatiivi": "Sipoo",
                "inessiivi": "Sipoossa",
                "genetiivi": "Sipoon"
            },
            {
                "kunta": "Siuntio",
                "nominatiivi": "Siuntio",
                "inessiivi": "Siuntiossa",
                "genetiivi": "Siuntion"
            },
            {
                "kunta": "Tuusula",
                "nominatiivi": "Tuusula",
                "inessiivi": "Tuusulassa",
                "genetiivi": "Tuusulan"
            },
            {
                "kunta": "Vantaa",
                "nominatiivi": "Vantaa",
                "inessiivi": "Vantaalla",
                "genetiivi": "Vantaan"
            },
            {
                "kunta": "Vihti",
                "nominatiivi": "Vihti",
                "inessiivi": "Vihdissä",
                "genetiivi": "Vihdin"
            }
        ]
    },
    {
        "maakunta": "Varsinais-Suomi",
        "nominatiivi": "Varsinais-Suomi",
        "inessiivi": "Varsinais-Suomessa",
        "genetiivi": "Varsinais-Suomen",
        "kunnat": [
            {
                "kunta": "Aura",
                "nominatiivi": "Aura",
                "inessiivi": "Aurassa",
                "genetiivi": "Auran"
            },
            {
                "kunta": "Kaarina",
                "nominatiivi": "Kaarina",
                "inessiivi": "Kaarinassa",
                "genetiivi": "Kaarinan"
            },
            {
                "kunta": "Kemiönsaari",
                "nominatiivi": "Kemiönsaari",
                "inessiivi": "Kemiönsaarella",
                "genetiivi": "Kemiönsaaren"
            },
            {
                "kunta": "Kustavi",
                "nominatiivi": "Kustavi",
                "inessiivi": "Kustavissa",
                "genetiivi": "Kustavin"
            },
            {
                "kunta": "Laitila",
                "nominatiivi": "Laitila",
                "inessiivi": "Laitilassa",
                "genetiivi": "Laitilan"
            },
            {
                "kunta": "Lieto",
                "nominatiivi": "Lieto",
                "inessiivi": "Liedossa",
                "genetiivi": "Liedon"
            },
            {
                "kunta": "Loimaa",
                "nominatiivi": "Loimaa",
                "inessiivi": "Loimaalla",
                "genetiivi": "Loimaan"
            },
            {
                "kunta": "Marttila",
                "nominatiivi": "Marttila",
                "inessiivi": "Marttilassa",
                "genetiivi": "Marttilan"
            },
            {
                "kunta": "Masku",
                "nominatiivi": "Masku",
                "inessiivi": "Maskussa",
                "genetiivi": "Maskun"
            },
            {
                "kunta": "Mynämäki",
                "nominatiivi": "Mynämäki",
                "inessiivi": "Mynämäessä",
                "genetiivi": "Mynämäen"
            },
            {
                "kunta": "Naantali",
                "nominatiivi": "Naantali",
                "inessiivi": "Naantalissa",
                "genetiivi": "Naantalin"
            },
            {
                "kunta": "Nousiainen",
                "nominatiivi": "Nousiainen",
                "inessiivi": "Nousiaisilla",
                "genetiivi": "Nousiaisten"
            },
            {
                "kunta": "Oripää",
                "nominatiivi": "Oripää",
                "inessiivi": "Oripäässä",
                "genetiivi": "Oripään"
            },
            {
                "kunta": "Paimio",
                "nominatiivi": "Paimio",
                "inessiivi": "Paimiossa",
                "genetiivi": "Paimion"
            },
            {
                "kunta": "Parainen",
                "nominatiivi": "Parainen",
                "inessiivi": "Paraisilla",
                "genetiivi": "Paraisten"
            },
            {
                "kunta": "Pyhäranta",
                "nominatiivi": "Pyhäranta",
                "inessiivi": "Pyhärannassa",
                "genetiivi": "Pyhärantan"
            },
            {
                "kunta": "Pöytyä",
                "nominatiivi": "Pöytyä",
                "inessiivi": "Pöytyällä",
                "genetiivi": "Pöytyän"
            },
            {
                "kunta": "Raisio",
                "nominatiivi": "Raisio",
                "inessiivi": "Raisiossa",
                "genetiivi": "Raision"
            },
            {
                "kunta": "Rusko",
                "nominatiivi": "Rusko",
                "inessiivi": "Ruskossa",
                "genetiivi": "Ruskon"
            },
            {
                "kunta": "Salo",
                "nominatiivi": "Salo",
                "inessiivi": "Salossa",
                "genetiivi": "Salon"
            },
            {
                "kunta": "Sauvo",
                "nominatiivi": "Sauvo",
                "inessiivi": "Sauvossa",
                "genetiivi": "Sauvon"
            },
            {
                "kunta": "Somero",
                "nominatiivi": "Somero",
                "inessiivi": "Somerossa",
                "genetiivi": "Someron"
            },
            {
                "kunta": "Taivassalo",
                "nominatiivi": "Taivassalo",
                "inessiivi": "Taivassalossa",
                "genetiivi": "Taivassalon"
            },
            {
                "kunta": "Turku",
                "nominatiivi": "Turku",
                "inessiivi": "Turkussa",
                "genetiivi": "Turkun"
            },
            {
                "kunta": "Uusikaupunki",
                "nominatiivi": "Uusikaupunki",
                "inessiivi": "Uudessakaupungissa",
                "genetiivi": "Uusikaupunkin"
            },
            {
                "kunta": "Vehmaa",
                "nominatiivi": "Vehmaa",
                "inessiivi": "Vehmaalla",
                "genetiivi": "Vehmaan"
            }
        ]
    }
]